{"loss": 9.0, "_timestamp": 1728924758.2513578, "_runtime": 7.476426839828491, "_step": 412, "_wandb": {"runtime": 1}}