{"loss": -52.0, "_timestamp": 1728924358.7087345, "_runtime": 6.891912460327148, "_step": 14, "_wandb": {"runtime": 1}}