{"loss": -52.0, "_timestamp": 1728924298.1148844, "_runtime": 12.402104377746582, "_step": 40, "_wandb": {"runtime": 1}}