{"loss": 11.0, "_timestamp": 1728927798.39048, "_runtime": 9.87972903251648, "_step": 9000, "accuracy": 0.8461538461538461, "recall": 0.7, "precision": 1.0, "F1": 0.8235294117647058, "_wandb": {"runtime": 6}}