{"loss": 28.0, "_timestamp": 1728925824.7703066, "_runtime": 5.998090505599976, "_step": 9000, "accuracy": 0.717948717948718, "recall": 1.0, "precision": 0.6451612903225806, "F1": 0.7843137254901961, "_wandb": {"runtime": 3}}