{"loss": 9.0, "_timestamp": 1728927976.2002676, "_runtime": 5.6163694858551025, "_step": 9000, "accuracy": 0.8205128205128205, "recall": 0.65, "precision": 1.0, "F1": 0.787878787878788, "_wandb": {"runtime": 3}}