{"loss": 7.0, "_timestamp": 1728924828.0984852, "_runtime": 12.20041012763977, "_step": 142, "_wandb": {"runtime": 1}}