{"loss": 13.0, "_timestamp": 1728924977.5394847, "_runtime": 5.808227777481079, "_step": 8999, "_wandb": {"runtime": 3}}