{"loss": 6.0, "_timestamp": 1728927730.7483144, "_runtime": 5.946507453918457, "_step": 4341, "accuracy": 0.8461538461538461, "recall": 0.8, "precision": 0.8888888888888888, "F1": 0.8421052631578948, "_wandb": {"runtime": 2}}